{
  "camera_matrix": [
    [
      2600.8456131905327,
      0.0,
      223.3160790783465
    ],
    [
      0.0,
      2610.968669638024,
      291.32876926471573
    ],
    [
      0.0,
      0.0,
      1.0
    ]
  ],
  "dist_coeffs": [
    -0.18670046748695457,
    260.12262346028564,
    0.05940249087068169,
    -0.09279027350535436,
    -73.40331998826927
  ],
  "image_size": [
    640,
    480
  ],
  "num_images": 20,
  "reprojection_error": 0.024754791642212375,
  "pattern_size": [
    6,
    4
  ],
  "square_size_mm": 12,
  "calibration_date": "2025-11-30T13:46:32.477322",
  "estimated_pixels_per_mm": 2.875805616378784,
  "focal_length_x": 2600.8456131905327,
  "focal_length_y": 2610.968669638024
}